{"loss": [1.7669678926467896, 1.7641109228134155, 1.7675880193710327, 1.7669427394866943, 1.767558217048645, 1.7676092386245728, 1.7677265405654907, 1.764789342880249, 1.7674121856689453, 1.7675095796585083, 1.2519633769989014, 0.9083755612373352, 0.6431812644004822, 0.4246884286403656, 0.2838679850101471, 0.25035348534584045, 0.23688490688800812, 0.23395264148712158, 0.229886993765831, 0.22917665541172028, 0.22654183208942413, 0.5468887090682983, 0.26189088821411133, 0.18174059689044952, 0.14391179382801056, 0.11927460879087448, 0.10480957478284836, 0.06166955456137657, 0.04485032334923744, 0.03872869163751602, 0.035329487174749374, 0.10616961121559143, 0.10085029900074005, 0.0918642058968544, 0.08241536468267441, 0.07669832557439804, 0.07217743992805481, 0.05137662589550018, 0.04188425838947296, 0.03851577639579773, 0.10550101101398468, 0.10022257268428802, 0.09146448969841003, 0.08365194499492645, 0.07754930853843689, 0.07144419848918915], "accuracy": [0.24703054130077362, 0.25068792700767517, 0.24783168733119965, 0.24790135025978088, 0.24779686331748962, 0.24741370975971222, 0.24570691585540771, 0.2496429681777954, 0.24636873602867126, 0.24783168733119965, 0.5129569172859192, 0.6569386124610901, 0.7619217038154602, 0.8448460698127747, 0.8976677656173706, 0.9098312854766846, 0.9149880409240723, 0.916030764579773, 0.9176062345504761, 0.9176879525184631, 0.9187828898429871, 0.8008729219436646, 0.9067381024360657, 0.9362186789512634, 0.9497517943382263, 0.9586086273193359, 0.9640322923660278, 0.9789349436759949, 0.9847062230110168, 0.9869092702865601, 0.9880260229110718, 0.9634711742401123, 0.9651163816452026, 0.9683741331100464, 0.9715359210968018, 0.9737259149551392, 0.9753449559211731, 0.9824061989784241, 0.9857804775238037, 0.9869778752326965, 0.96360844373703, 0.9653604626655579, 0.9685560464859009, 0.9712983965873718, 0.9733467698097229, 0.9755040407180786], "val_loss": [1500.2215576171875, 1033.201171875, 1097.3748779296875, 1553.903564453125, 1198.8499755859375, 1523.1053466796875, 1060.06591796875, 1059.66162109375, 1006.3147583007812, 1593.2012939453125, 1.0480387210845947, 1.0029430389404297, 1.0999547243118286, 1.2204797267913818, 1.2399839162826538, 1.2949773073196411, 1.2895259857177734, 1.2951626777648926, 1.2950519323349, 1.3049943447113037, 1.3061375617980957, 1.2489867210388184, 1.4121652841567993, 1.4909111261367798, 1.5900486707687378, 1.6468877792358398, 1.6997289657592773, 1.8771167993545532, 1.956174612045288, 2.0096051692962646, 2.069753646850586, 1.6105639934539795, 1.662284016609192, 1.647030234336853, 1.7019896507263184, 1.730627417564392, 1.7998725175857544, 1.7835267782211304, 1.830856204032898, 1.8685680627822876, 1.6130421161651611, 1.6901121139526367, 1.696742296218872, 1.7503254413604736, 1.7414828538894653, 1.7797057628631592], "val_accuracy": [0.15129563212394714, 0.1510169953107834, 0.20395652949810028, 0.12733352184295654, 0.14655892550945282, 0.13736416399478912, 0.18417386710643768, 0.15909723937511444, 0.1769295036792755, 0.16606296598911285, 0.6034066677093506, 0.6395108103752136, 0.657425582408905, 0.6592153310775757, 0.6707247495651245, 0.6715416312217712, 0.6722785830497742, 0.6738226413726807, 0.6718825101852417, 0.6724803447723389, 0.6710415482521057, 0.6525861620903015, 0.6536882519721985, 0.6611454486846924, 0.6606979966163635, 0.6650059819221497, 0.6702256202697754, 0.6732524037361145, 0.6732436418533325, 0.6763031482696533, 0.6683218479156494, 0.6736016869544983, 0.6680323481559753, 0.6734629273414612, 0.6757615208625793, 0.673329770565033, 0.6693658828735352, 0.6730944514274597, 0.6729365587234497, 0.6758733987808228, 0.6710492968559265, 0.6671726107597351, 0.6671023964881897, 0.6739454865455627, 0.6699441075325012, 0.6734805107116699]}